[
   {
      "MissionType": 1,
      "AchievedGoal": 0,
      "QuestGoal": 3,
      "RewardType": 28,
      "Amount": 200,
      "Extra": 0,
      "CurrentLevel": -1,
      "MaxLevel": -1,
      "Timer": 99999,
      "BP": false,
      "Seen": true,
      "BrawlerID": 54,
      "GameMode": -1
   },
   {
      "MissionType": 1,
      "AchievedGoal": 0,
      "QuestGoal": 1,
      "RewardType": 28,
      "Amount": 100,
      "Extra": 0,
      "CurrentLevel": 0,
      "MaxLevel": 5,
      "Timer": 99999,
      "BP": false,
      "Seen": false,
      "BrawlerID": -1,
      "GameMode": 7
   },
   {
      "MissionType": 5,
      "AchievedGoal": 0,
      "QuestGoal": 10,
      "RewardType": 28,
      "Amount": 200,
      "Extra": 0,
      "CurrentLevel": 0,
      "MaxLevel": 0,
      "Timer": 99999,
      "BP": false,
      "Seen": true,
      "BrawlerID": -1,
      "GameMode": -1
   }
]