{
  "Offers": [
    {
      "Rewards": [
        {
          "ItemType": 1,
          "Amount": 500,
          "BrawlerID": [0, 0],
          "Extra": 0
        }
      ],
      "Currency": 0,
      "Cost": 0,
      "Time": 86400,
      "Claim": false,
      "DailyOffer": false,
      "OldPrice": 0,
      "Text": "ПОДАРОК",
      "Background": "offer_stuntshow",
      "Processed": false,
      "TypeBenefit": 0,
      "Benefit": 0,
      "OneTimeOffer": false,
      "BigOffer": false,
      "ShopPanelLayouts": 0,
      "ShopStyleSets": 0,
      "OfferID": 0,
      "OfferID": -3
    },
    {
      "Rewards": [
        {
          "ItemType": 12,
          "Amount": 500,
          "BrawlerID": [0, 0],
          "Extra": 0
        }
      ],
      "Currency": 0,
      "Cost": 149,
      "Time": 86400,
      "Claim": false,
      "DailyOffer": false,
      "OldPrice": 249,
      "Text": "ОЧКИ СИЛЫ",
      "Background": "offer_stuntshow",
      "Processed": false,
      "TypeBenefit": 3,
      "Benefit": 60,
      "OneTimeOffer": false,
      "BigOffer": false,
      "ShopPanelLayouts": 0,
      "ShopStyleSets": 0,
      "OfferID": 36
    },
    {
      "Rewards": [
        {
          "ItemType": 27,
          "Amount": 1,
          "BrawlerID": [0, 0],
          "Extra": 2
         },
         {
          "ItemType": 25,
          "Amount": 1,
          "BrawlerID": [0, 0],
          "Extra": 104
        },
        {
          "ItemType": 1,
          "Amount": 2500,
          "BrawlerID": [0, 0],
          "Extra": 0
        },
        {
          "ItemType": 12,
          "Amount": 500,
          "BrawlerID": [0, 0],
          "Extra": 0
        }
      ],
      "Currency": 0,
      "Cost": 299,
      "Time": 86400,
      "Claim": false,
      "DailyOffer": false,
      "OldPrice": 599,
      "Text": "ОСОБАЯ АКЦИЯ",
      "Background": "offer_stuntshow",
      "Processed": false,
      "TypeBenefit": 3,
      "Benefit": 50,
      "OneTimeOffer": false,
      "BigOffer": false,
      "ShopPanelLayouts": 0,
      "ShopStyleSets": 0,
      "OfferID": 49
    },
        {
      "Rewards": [
        {
          "ItemType": 3,
          "Amount": 1,
          "BrawlerID": [16, 38],
          "Extra": 38
        },
        {
          "ItemType": 4,
          "Amount": 1,
          "BrawlerID": [16, 38],
          "Extra": 292
        }
      ],
      "Currency": 0,
      "Cost": 299,
      "Time": 86400,
      "Claim": false,
      "DailyOffer": false,
      "OldPrice": 499,
      "Text": "БОЕЦ + СКИН",
      "Background": "offer_stuntshow",
      "Processed": false,
      "TypeBenefit": 3,
      "Benefit": 60,
      "OneTimeOffer": false,
      "BigOffer": false,
      "ShopPanelLayouts": 0,
      "ShopStyleSets": 0,
      "OfferID": 68
    },
    {
      "Rewards": [
        {
          "ItemType": 3,
          "Amount": 1,
          "BrawlerID": [16, 17],
          "Extra": 0
        },
        {
          "ItemType": 4,
          "Amount": 1,
          "BrawlerID": [16, 17],
          "Extra": 509
        }
      ],
      "Currency": 0,
      "Cost": 149,
      "Time": 86400,
      "Claim": false,
      "DailyOffer": false,
      "OldPrice": 249,
      "Text": "БОЕЦ + СКИН",
      "Background": "offer_stuntshow",
      "Processed": false,
      "TypeBenefit": 3,
      "Benefit": 60,
      "OneTimeOffer": false,
      "BigOffer": true,
      "ShopPanelLayouts": 1,
      "ShopStyleSets": -1,
      "OfferID": 57
    }
  ]
}